,answer_count,articles_count,avatar_url,avatar_url_template,badge,follower_count,gender,headline,id,is_advertiser,is_followed,is_following,is_org,name,type,url,url_token,user_type
0,1,0,https://pic4.zhimg.com/v2-64e4d12d38aaf67995b3c126b1e2b7f2_is.jpg,https://pic4.zhimg.com/v2-64e4d12d38aaf67995b3c126b1e2b7f2_{size}.jpg,[],1,0,电视转播摄像+编辑出版学新生,df5d31db634bb47679726409e43b735e,False,False,False,False,何家小番茄,people,http://www.zhihu.com/api/v4/people/df5d31db634bb47679726409e43b735e,he-jia-dong-zhi,people
1,0,0,https://pic4.zhimg.com/da8e974dc_is.jpg,https://pic4.zhimg.com/da8e974dc_{size}.jpg,[],0,-1,,07159df36dc7b5b7d339c0e946f3315d,False,False,False,False,东吴丶,people,http://www.zhihu.com/api/v4/people/07159df36dc7b5b7d339c0e946f3315d,dong-wu-zhu-94,people
2,29,0,https://pic3.zhimg.com/v2-7f8bc07c7d195033d91fe2ba89c1ed10_is.jpg,https://pic3.zhimg.com/v2-7f8bc07c7d195033d91fe2ba89c1ed10_{size}.jpg,[],13,1,动画专业,55a3191528c17e51bfb55d766c39ce30,False,False,False,False,大王植树,people,http://www.zhihu.com/api/v4/people/55a3191528c17e51bfb55d766c39ce30,wang-zhi-4-4,people
3,0,0,https://pic4.zhimg.com/da8e974dc_is.jpg,https://pic4.zhimg.com/da8e974dc_{size}.jpg,[],0,-1,程序员,b4affb109f4df3aecc139d2b4d8194c0,False,False,False,False,driver,people,http://www.zhihu.com/api/v4/people/b4affb109f4df3aecc139d2b4d8194c0,driver-94,people
4,0,0,https://pic4.zhimg.com/v2-aa78e496b68754cd2b2a5fb735deb553_is.jpg,https://pic4.zhimg.com/v2-aa78e496b68754cd2b2a5fb735deb553_{size}.jpg,[],1,0,,5514048a783f26e40f8822cfc2e29cb9,False,False,False,False,徐嘘嘘,people,http://www.zhihu.com/api/v4/people/5514048a783f26e40f8822cfc2e29cb9,yz-liao-55,people
5,0,0,https://pic3.zhimg.com/v2-b10490767473839919cdb6a54cd27a09_is.jpg,https://pic3.zhimg.com/v2-b10490767473839919cdb6a54cd27a09_{size}.jpg,[],0,0,学生,40d7b3aafa83e4bbf8c3cffe898c9f9d,False,False,False,False,candy,people,http://www.zhihu.com/api/v4/people/40d7b3aafa83e4bbf8c3cffe898c9f9d,candy-81-14,people
6,2,0,https://pic4.zhimg.com/da8e974dc_is.jpg,https://pic4.zhimg.com/da8e974dc_{size}.jpg,[],0,-1,学生,910196452cb1f0f63c573ab433d4ff2e,False,False,False,False,崎玉是真的强,people,http://www.zhihu.com/api/v4/people/910196452cb1f0f63c573ab433d4ff2e,tui-zhi-99,people
7,0,0,https://pic3.zhimg.com/v2-0a14e03d9e3999a7d5440cc716be5f04_is.jpg,https://pic3.zhimg.com/v2-0a14e03d9e3999a7d5440cc716be5f04_{size}.jpg,[],0,-1,程序员,aa78185218750ec44071d79480e45341,False,False,False,False,秋水无痕,people,http://www.zhihu.com/api/v4/people/aa78185218750ec44071d79480e45341,qiu-shui-wu-hen-64,people
8,0,0,https://pic4.zhimg.com/da8e974dc_is.jpg,https://pic4.zhimg.com/da8e974dc_{size}.jpg,[],1,1,,566024ec38986c7b0d558da4b479e42c,False,False,False,False,剑帝叶尘,people,http://www.zhihu.com/api/v4/people/566024ec38986c7b0d558da4b479e42c,shu-xiong-83,people
9,60,0,https://pic2.zhimg.com/015cae84eaf18404b905270aa5a016d8_is.jpg,https://pic2.zhimg.com/015cae84eaf18404b905270aa5a016d8_{size}.jpg,[],7,1,非智能人形生物,fef579645eb20ec7f087bd3b1c6b4f7f,False,False,False,False,刺秦,people,http://www.zhihu.com/api/v4/people/fef579645eb20ec7f087bd3b1c6b4f7f,12138-90,people
10,0,0,https://pic4.zhimg.com/ab6074d51a756c5310724852370dff2f_is.jpg,https://pic4.zhimg.com/ab6074d51a756c5310724852370dff2f_{size}.jpg,[],0,-1,,4e864c54ead6dbfedf16fe4648fe1f13,False,False,False,False,carryguo,people,http://www.zhihu.com/api/v4/people/4e864c54ead6dbfedf16fe4648fe1f13,carryguo,people
11,0,0,https://pic1.zhimg.com/v2-2cba9d0d49eb7129065ff7f8861959e2_is.jpg,https://pic1.zhimg.com/v2-2cba9d0d49eb7129065ff7f8861959e2_{size}.jpg,[],0,-1,理物玩家,2c67903a41819ad1facb3e5ee6e8ce61,False,False,False,False,Poor Kenny,people,http://www.zhihu.com/api/v4/people/2c67903a41819ad1facb3e5ee6e8ce61,flashpiont,people
12,0,0,https://pic4.zhimg.com/da8e974dc_is.jpg,https://pic4.zhimg.com/da8e974dc_{size}.jpg,[],0,-1,,3831a31581e687ce1a7672be6ce62e82,False,False,False,False,胡子猴子胡子,people,http://www.zhihu.com/api/v4/people/3831a31581e687ce1a7672be6ce62e82,huyi-54,people
13,0,0,https://pic4.zhimg.com/v2-65eeaee0d7dedbfbefbebd802539e52a_is.jpg,https://pic4.zhimg.com/v2-65eeaee0d7dedbfbefbebd802539e52a_{size}.jpg,[],1,-1,学无止境,ddc521d564ede5f98592d3a0b6a6e105,False,False,False,False,TBridge,people,http://www.zhihu.com/api/v4/people/ddc521d564ede5f98592d3a0b6a6e105,zhi-zhi-wei-zhi-zhi-33-86-47,people
14,5,0,https://pic3.zhimg.com/v2-c61ebb20df806435576e58a120827b40_is.jpg,https://pic3.zhimg.com/v2-c61ebb20df806435576e58a120827b40_{size}.jpg,[],24,1,百刀代言人,6d49c28d1cadf457b89bd0609fbf7e94,False,False,False,False,疯火轮,people,http://www.zhihu.com/api/v4/people/6d49c28d1cadf457b89bd0609fbf7e94,wang-yu-33-24,people
15,0,0,https://pic4.zhimg.com/da8e974dc_is.jpg,https://pic4.zhimg.com/da8e974dc_{size}.jpg,[],2,-1,学生,f527f08c1c232ae487a2f7c2543ee692,False,False,False,False,Dr.Winger,people,http://www.zhihu.com/api/v4/people/f527f08c1c232ae487a2f7c2543ee692,dr-winger,people
16,0,0,https://pic4.zhimg.com/da8e974dc_is.jpg,https://pic4.zhimg.com/da8e974dc_{size}.jpg,[],0,-1,,00ab48c95e385e485e87797f07127288,False,False,False,False,曾yxyy,people,http://www.zhihu.com/api/v4/people/00ab48c95e385e485e87797f07127288,ceng-yxyy,people
17,3,0,https://pic4.zhimg.com/da8e974dc_is.jpg,https://pic4.zhimg.com/da8e974dc_{size}.jpg,[],1,1,,244c40aa3fb784513a5c0a53cab4ac36,False,False,False,False,不懒会死星人,people,http://www.zhihu.com/api/v4/people/244c40aa3fb784513a5c0a53cab4ac36,ben-la-deng-48-17,people
18,0,0,https://pic4.zhimg.com/da8e974dc_is.jpg,https://pic4.zhimg.com/da8e974dc_{size}.jpg,[],0,-1,,5d95d11779206a7cd7ef4c16e9263993,False,False,False,False,瓶子里的蚂蚁,people,http://www.zhihu.com/api/v4/people/5d95d11779206a7cd7ef4c16e9263993,ping-zi-li-de-ma-yi,people
19,0,0,https://pic4.zhimg.com/v2-41ca8765a3d68ff3c9f59571934eaeb1_is.jpg,https://pic4.zhimg.com/v2-41ca8765a3d68ff3c9f59571934eaeb1_{size}.jpg,[],1,-1,,abc3115d0848225fcbb04522f8bd912e,False,False,False,False,满矜,people,http://www.zhihu.com/api/v4/people/abc3115d0848225fcbb04522f8bd912e,man-jin-19,people
20,0,0,https://pic3.zhimg.com/v2-9f6d403e7e0f1f8d62260862797c4161_is.jpg,https://pic3.zhimg.com/v2-9f6d403e7e0f1f8d62260862797c4161_{size}.jpg,[],1,-1,,77b8d93c909257974f4948062a95901f,False,False,False,False,mia,people,http://www.zhihu.com/api/v4/people/77b8d93c909257974f4948062a95901f,mia-52-55-29,people
21,0,0,https://pic4.zhimg.com/v2-1e585cdc9c0f0de4c6320c62cc578acf_is.jpg,https://pic4.zhimg.com/v2-1e585cdc9c0f0de4c6320c62cc578acf_{size}.jpg,[],1,0,只要好好地活着就一定会有好事发生,af57058ceb52ec922b5c35c0e0188823,False,False,False,False,飞走了,people,http://www.zhihu.com/api/v4/people/af57058ceb52ec922b5c35c0e0188823,fei-zou-le-5,people
22,61,0,https://pic2.zhimg.com/cd3533271fe3b9ff48fad700d0461caa_is.jpg,https://pic2.zhimg.com/cd3533271fe3b9ff48fad700d0461caa_{size}.jpg,[],1,1,微信订阅号:榕树下的日记本,9040b364dd78ed2dd2ca16149c3207ef,False,False,False,False,行云,people,http://www.zhihu.com/api/v4/people/9040b364dd78ed2dd2ca16149c3207ef,yun1,people
23,3,1,https://pic1.zhimg.com/v2-ce570e4104c7d1e92093b1ee157c3aa7_is.jpg,https://pic1.zhimg.com/v2-ce570e4104c7d1e92093b1ee157c3aa7_{size}.jpg,[],5,1,飓风过岗，伏草惟存。天之将明，其黑尤烈,4086ec2f2fb445930524efe7ff1f0c06,False,False,False,False,孤石万仞,people,http://www.zhihu.com/api/v4/people/4086ec2f2fb445930524efe7ff1f0c06,godz-83,people
24,0,0,https://pic4.zhimg.com/da8e974dc_is.jpg,https://pic4.zhimg.com/da8e974dc_{size}.jpg,[],0,-1,,02781f28de87dbfdb60b7d15f6a978ca,False,False,False,False,irrigator,people,http://www.zhihu.com/api/v4/people/02781f28de87dbfdb60b7d15f6a978ca,irrigator-41,people
25,26,0,https://pic2.zhimg.com/v2-01968ecb4077101acb5b427b8600c481_is.jpg,https://pic2.zhimg.com/v2-01968ecb4077101acb5b427b8600c481_{size}.jpg,[],8,0,萌萌哒的天然呆,b5de628ee657b8bcd040c8e18ce33789,False,False,False,False,洛斯白,people,http://www.zhihu.com/api/v4/people/b5de628ee657b8bcd040c8e18ce33789,luo-si-bai,people
26,1,0,https://pic4.zhimg.com/v2-14f0b4daefde79bcc377b0b38322bc02_is.jpg,https://pic4.zhimg.com/v2-14f0b4daefde79bcc377b0b38322bc02_{size}.jpg,[],1,-1,学渣一枚 如有得罪 敬请原谅,16ed5de6e60af74ebe0526d0d2c57062,False,False,False,False,辣个蓝人,people,http://www.zhihu.com/api/v4/people/16ed5de6e60af74ebe0526d0d2c57062,zjwu-xian,people
27,0,0,https://pic1.zhimg.com/v2-0a8025a4ead3897edadef0410ddf5bae_is.jpg,https://pic1.zhimg.com/v2-0a8025a4ead3897edadef0410ddf5bae_{size}.jpg,[],0,0,,b52dc1f459a90c7c6d07f79f5802a7b2,False,False,False,False,一碗小白菜,people,http://www.zhihu.com/api/v4/people/b52dc1f459a90c7c6d07f79f5802a7b2,liu-sha-er-20,people
28,5,0,https://pic2.zhimg.com/v2-2617c6eb4fadc027c8284f3484467b32_is.jpg,https://pic2.zhimg.com/v2-2617c6eb4fadc027c8284f3484467b32_{size}.jpg,[],1,-1,在读学生 不出花鸟不换头像,a4baa0a296375b18d34c7c1e4e4de180,False,False,False,False,抠脚大汉奈奈子丶,people,http://www.zhihu.com/api/v4/people/a4baa0a296375b18d34c7c1e4e4de180,kou-jiao-da-han-nai-nai-zi-zhu,people
29,14,0,https://pic4.zhimg.com/v2-70fe0ad4427ab2a6e77de056e8a1f287_is.jpg,https://pic4.zhimg.com/v2-70fe0ad4427ab2a6e77de056e8a1f287_{size}.jpg,[],4,1,医学实验技术在读,e30856276c82dbfd65b268de332afa32,False,False,False,False,Angeei,people,http://www.zhihu.com/api/v4/people/e30856276c82dbfd65b268de332afa32,wang-xie-fei-82,people
30,34,0,https://pic2.zhimg.com/00d3232d23a84007e5102bbaa6658fe5_is.jpg,https://pic2.zhimg.com/00d3232d23a84007e5102bbaa6658fe5_{size}.jpg,[],1,1,工艺品加工设计,e8e45e105cf4496540415d3b1470fc22,False,False,False,False,不知道啊,people,http://www.zhihu.com/api/v4/people/e8e45e105cf4496540415d3b1470fc22,bu-zhi-dao-a-79,people
31,4,0,https://pic1.zhimg.com/v2-97516428ecdc86a37c717c7a44c3f404_is.jpg,https://pic1.zhimg.com/v2-97516428ecdc86a37c717c7a44c3f404_{size}.jpg,[],3,0,疗养院在院病人,02a1840fce3f4583e4b1848f9c3a79df,False,False,False,False,Nanaki,people,http://www.zhihu.com/api/v4/people/02a1840fce3f4583e4b1848f9c3a79df,nanakide-yun,people
32,0,0,https://pic2.zhimg.com/9dc5fd3d857baf2c90e66dc05832254e_is.jpg,https://pic2.zhimg.com/9dc5fd3d857baf2c90e66dc05832254e_{size}.jpg,[],1,1,,a03f6827eb86281b493a081994f63d34,False,False,False,False,you leix,people,http://www.zhihu.com/api/v4/people/a03f6827eb86281b493a081994f63d34,you-leix,people
33,0,0,https://pic2.zhimg.com/v2-705242a8d9dcf278fc8861e71541dd88_is.jpg,https://pic2.zhimg.com/v2-705242a8d9dcf278fc8861e71541dd88_{size}.jpg,[],0,-1,,53f0ae079bf859718f5a5dc8cb4e50d5,False,False,False,False,第三人称,people,http://www.zhihu.com/api/v4/people/53f0ae079bf859718f5a5dc8cb4e50d5,di-san-ren-cheng-49-87,people
34,0,0,https://pic4.zhimg.com/v2-058d82c4ab791fb8f40d971723c8c679_is.jpg,https://pic4.zhimg.com/v2-058d82c4ab791fb8f40d971723c8c679_{size}.jpg,[],0,0,瞎说！,ff2b027fc9335e9162106a9d64e350d9,False,False,False,False,朱与君,people,http://www.zhihu.com/api/v4/people/ff2b027fc9335e9162106a9d64e350d9,zhu-yu-jun-18-46,people
35,0,0,https://pic3.zhimg.com/v2-4f05ec8ad5b45d554faedd0a0388e3dc_is.jpg,https://pic3.zhimg.com/v2-4f05ec8ad5b45d554faedd0a0388e3dc_{size}.jpg,[],0,-1,人生若只如初见，何事秋风悲画扇,4fca09b741f0c0d4dcd28bed47035898,False,False,False,False,无情似林荒,people,http://www.zhihu.com/api/v4/people/4fca09b741f0c0d4dcd28bed47035898,wu-qing-si-lin-huang,people
36,61,0,https://pic3.zhimg.com/3b870ab20d9f4c8c4ece8fd4371c70c8_is.jpg,https://pic3.zhimg.com/3b870ab20d9f4c8c4ece8fd4371c70c8_{size}.jpg,[],19,1,啊咧咧咧咧咧咧咧咧咧............,b9db386bafd5e9716ff20b810a52448e,False,False,False,False,孙凯元,people,http://www.zhihu.com/api/v4/people/b9db386bafd5e9716ff20b810a52448e,sun-kai-yuan-29,people
37,4,0,https://pic4.zhimg.com/v2-b9b0192f30564bbc99eef2aeac7bdf20_is.jpg,https://pic4.zhimg.com/v2-b9b0192f30564bbc99eef2aeac7bdf20_{size}.jpg,[],0,-1,,39570a09445effecfbcf7ebb81766e3e,False,False,False,False,没有关系,people,http://www.zhihu.com/api/v4/people/39570a09445effecfbcf7ebb81766e3e,mei-you-guan-xi-40,people
38,0,0,https://pic4.zhimg.com/da8e974dc_is.jpg,https://pic4.zhimg.com/da8e974dc_{size}.jpg,[],0,-1,,9ce0cff394c10838d471395c86aaf635,False,False,False,False,gbjfkug,people,http://www.zhihu.com/api/v4/people/9ce0cff394c10838d471395c86aaf635,gbjfkug,people
39,18,0,https://pic4.zhimg.com/1691656dc9e630eb3f214df225459396_is.jpg,https://pic4.zhimg.com/1691656dc9e630eb3f214df225459396_{size}.jpg,[],0,-1,,233c327520d150e0c2b92ce501ef7305,False,False,False,False,陈肇鑫,people,http://www.zhihu.com/api/v4/people/233c327520d150e0c2b92ce501ef7305,chen-zhao-xin-78,people
40,2,0,https://pic1.zhimg.com/v2-b8dd4af2db060a9314af0a6ffb4a02a6_is.jpg,https://pic1.zhimg.com/v2-b8dd4af2db060a9314af0a6ffb4a02a6_{size}.jpg,[],0,0,,b833751d57765d0eb9efe23b5861fa4b,False,False,False,False,兔子,people,http://www.zhihu.com/api/v4/people/b833751d57765d0eb9efe23b5861fa4b,xie-hai-ting-95,people
41,0,0,https://pic4.zhimg.com/da8e974dc_is.jpg,https://pic4.zhimg.com/da8e974dc_{size}.jpg,[],0,-1,废人，只关注胡歌的人,a996b00f40c11f7f763e0807a4c09a43,False,False,False,False,关注胡歌,people,http://www.zhihu.com/api/v4/people/a996b00f40c11f7f763e0807a4c09a43,guan-zhu-hu-ge,people
42,12,0,https://pic1.zhimg.com/6aa80543bdc873df9c0786372a80d3ce_is.jpg,https://pic1.zhimg.com/6aa80543bdc873df9c0786372a80d3ce_{size}.jpg,[],48,-1,学生,d04c77c3f610654532d0cf310905bd45,False,False,False,False,ElemeNt,people,http://www.zhihu.com/api/v4/people/d04c77c3f610654532d0cf310905bd45,alcore,people
43,36,0,https://pic1.zhimg.com/v2-5663460de8ab32156556204cd20ba339_is.jpg,https://pic1.zhimg.com/v2-5663460de8ab32156556204cd20ba339_{size}.jpg,[],6,-1,,b001175f55c9c6f6c26e336cacdc5e90,False,False,False,False,农夫三拳,people,http://www.zhihu.com/api/v4/people/b001175f55c9c6f6c26e336cacdc5e90,pang-hui-xiong-258,people
44,79,0,https://pic3.zhimg.com/v2-7904b471d0d851f4f6c4d55bda9d2a58_is.jpg,https://pic3.zhimg.com/v2-7904b471d0d851f4f6c4d55bda9d2a58_{size}.jpg,[],32,0,别来无恙,4b5b0da2d140c7152bd483ace9521657,False,False,False,False,可以可以都可以,people,http://www.zhihu.com/api/v4/people/4b5b0da2d140c7152bd483ace9521657,ai-xue-xi-xiao-min-min,people
45,2,1,https://pic1.zhimg.com/v2-83dc550af9f33402d71b3925bd9101ca_is.jpg,https://pic1.zhimg.com/v2-83dc550af9f33402d71b3925bd9101ca_{size}.jpg,[],6,1,,7c58b5d6f5a556f4ae7fcb9f42986f69,False,False,False,False,酒里藏风,people,http://www.zhihu.com/api/v4/people/7c58b5d6f5a556f4ae7fcb9f42986f69,liang-qi-peng-liang-qi-peng,people
46,1,0,https://pic4.zhimg.com/v2-02a6dac6ec728e4effe8fe879a037234_is.jpg,https://pic4.zhimg.com/v2-02a6dac6ec728e4effe8fe879a037234_{size}.jpg,[],0,-1,寻找挑战，让自己活过来。,2cbfd019881d37491c29db8a5cd5e70e,False,False,False,False,话少,people,http://www.zhihu.com/api/v4/people/2cbfd019881d37491c29db8a5cd5e70e,hua-shao-22-99-10,people
47,0,0,https://pic3.zhimg.com/v2-51979d0bc4e3a1e882d4f2e61d0e7556_is.jpg,https://pic3.zhimg.com/v2-51979d0bc4e3a1e882d4f2e61d0e7556_{size}.jpg,[],0,-1,不思量，自难忘。,13732ad3c1c743a6f713bdb12c8c21d0,False,False,False,False,缪喵淼妙,people,http://www.zhihu.com/api/v4/people/13732ad3c1c743a6f713bdb12c8c21d0,mou-miao-miao-miao-67,people
48,10,0,https://pic4.zhimg.com/v2-9c2d7a1d020c49fb67f74f487d240bb7_is.jpg,https://pic4.zhimg.com/v2-9c2d7a1d020c49fb67f74f487d240bb7_{size}.jpg,[],0,-1,没有简介,dc491314332161ed94b691538ec44891,False,False,False,False,沉默,people,http://www.zhihu.com/api/v4/people/dc491314332161ed94b691538ec44891,chen-jia-huan-78,people
49,3,0,https://pic1.zhimg.com/v2-b22eef3f54cbe5355c070c495a1db450_is.jpg,https://pic1.zhimg.com/v2-b22eef3f54cbe5355c070c495a1db450_{size}.jpg,[],0,-1,前端,57afa3cf46c95295de7b407463b56c7c,False,False,False,False,Yo提莫酱,people,http://www.zhihu.com/api/v4/people/57afa3cf46c95295de7b407463b56c7c,timojiang,people
50,1,0,https://pic1.zhimg.com/a6ad5ed2f5ccb3d84d579c6cab41b340_is.jpg,https://pic1.zhimg.com/a6ad5ed2f5ccb3d84d579c6cab41b340_{size}.jpg,[],1,-1,,7d7ae97a556e56414d38b11916fb9a81,False,False,False,False,梨涡,people,http://www.zhihu.com/api/v4/people/7d7ae97a556e56414d38b11916fb9a81,li-wo-42-76,people
51,0,0,https://pic4.zhimg.com/da8e974dc_is.jpg,https://pic4.zhimg.com/da8e974dc_{size}.jpg,[],0,-1,,1aac564d38270e985b2dca0f004f4679,False,False,False,False,一只冷酷的鸽子,people,http://www.zhihu.com/api/v4/people/1aac564d38270e985b2dca0f004f4679,yi-zhi-leng-ku-de-ge-zi,people
52,1,0,https://pic2.zhimg.com/8c4951d537278490ae80085db15ef3d8_is.jpg,https://pic2.zhimg.com/8c4951d537278490ae80085db15ef3d8_{size}.jpg,[],1,1,软件工程师,ef24c3817dd4f7bafc0a01861c9e6dce,False,False,False,False,思念随风而去,people,http://www.zhihu.com/api/v4/people/ef24c3817dd4f7bafc0a01861c9e6dce,godgodstudy,people
53,0,0,https://pic4.zhimg.com/da8e974dc_is.jpg,https://pic4.zhimg.com/da8e974dc_{size}.jpg,[],0,-1,在校计算机学生,4dfd9b91967e21f98f54bf0c98e03cc2,False,False,False,False,暖温,people,http://www.zhihu.com/api/v4/people/4dfd9b91967e21f98f54bf0c98e03cc2,nuan-wen-96,people
54,0,0,https://pic4.zhimg.com/da8e974dc_is.jpg,https://pic4.zhimg.com/da8e974dc_{size}.jpg,[],1,-1,,6f1c8dc1f3d6c3d4d00aa9dd0a83f5e4,False,False,False,False,INGRID,people,http://www.zhihu.com/api/v4/people/6f1c8dc1f3d6c3d4d00aa9dd0a83f5e4,ingrid-1-96,people
55,13,0,https://pic4.zhimg.com/v2-57f57cf785f9159077471272bf4438a0_is.jpg,https://pic4.zhimg.com/v2-57f57cf785f9159077471272bf4438a0_{size}.jpg,[],3,-1,,09d553db3a6e2fc2ac0f42cfb058cf7b,False,False,False,False,甄恩诺,people,http://www.zhihu.com/api/v4/people/09d553db3a6e2fc2ac0f42cfb058cf7b,zhen-en-nuo,people
56,14,0,https://pic2.zhimg.com/df7a2be6a9745faa0a93ec7909d40143_is.jpg,https://pic2.zhimg.com/df7a2be6a9745faa0a93ec7909d40143_{size}.jpg,[],1,-1,,4fe9f9a6654a6e38a05d42b8def0d5f1,False,False,False,False,黑脸兔,people,http://www.zhihu.com/api/v4/people/4fe9f9a6654a6e38a05d42b8def0d5f1,hei-lian-tu,people
57,0,0,https://pic1.zhimg.com/v2-263b350f81b0968d01a7e55aa9eb7d1b_is.jpg,https://pic1.zhimg.com/v2-263b350f81b0968d01a7e55aa9eb7d1b_{size}.jpg,[],0,1,,c9b4c8541663085b6da65bfd7186ec00,False,False,False,False,吉尔伽美什,people,http://www.zhihu.com/api/v4/people/c9b4c8541663085b6da65bfd7186ec00,ji-er-jia-mei-shi-13,people
58,6,0,https://pic1.zhimg.com/6c009709a5b143e80ccceb5a00118f40_is.jpg,https://pic1.zhimg.com/6c009709a5b143e80ccceb5a00118f40_{size}.jpg,[],5,-1,独立生存的大男孩,1ea14ded984368f38af9229c9c9e1ce7,False,False,False,False,祥子,people,http://www.zhihu.com/api/v4/people/1ea14ded984368f38af9229c9c9e1ce7,zhao-jia-xiang-85,people
59,0,0,https://pic4.zhimg.com/da8e974dc_is.jpg,https://pic4.zhimg.com/da8e974dc_{size}.jpg,[],0,-1,,f0cc107cba5a4c172b076e9207a58c9b,False,False,False,False,地下室的521,people,http://www.zhihu.com/api/v4/people/f0cc107cba5a4c172b076e9207a58c9b,di-xia-shi-de-521,people
60,102,0,https://pic2.zhimg.com/v2-dd394f128c3d8df9dd24c15792244e10_is.jpg,https://pic2.zhimg.com/v2-dd394f128c3d8df9dd24c15792244e10_{size}.jpg,[],116,1,苦不苦 看看人家特朗普,ccd1f7371644e20f446401db5df914cb,False,False,False,False,嘎强,people,http://www.zhihu.com/api/v4/people/ccd1f7371644e20f446401db5df914cb,lu-zhi-qiang-91,people
61,1,0,https://pic1.zhimg.com/0909bd815_is.jpg,https://pic1.zhimg.com/0909bd815_{size}.jpg,[],2,1,与其感慨路难行，不如马上吃饭,0edeca266677d529f265130117d76c64,False,False,False,False,lightward,people,http://www.zhihu.com/api/v4/people/0edeca266677d529f265130117d76c64,liu-jia-xing-37,people
62,0,0,https://pic4.zhimg.com/da8e974dc_is.jpg,https://pic4.zhimg.com/da8e974dc_{size}.jpg,[],0,-1,,2a5be57cdd862ee4cb74902091c0e634,False,False,False,False,凡尘,people,http://www.zhihu.com/api/v4/people/2a5be57cdd862ee4cb74902091c0e634,fan-chen-73-82,people
63,0,0,https://pic4.zhimg.com/468afaf601c327afae45e7404c8df520_is.jpg,https://pic4.zhimg.com/468afaf601c327afae45e7404c8df520_{size}.jpg,[],1,-1,啥都不会的程序猿,fb71326e83705cff2b5e967060f9b896,False,False,False,False,停止思考的人,people,http://www.zhihu.com/api/v4/people/fb71326e83705cff2b5e967060f9b896,ting-zhi-si-kao-de-ren,people
64,7,0,https://pic4.zhimg.com/5e4e2e785_is.jpg,https://pic4.zhimg.com/5e4e2e785_{size}.jpg,[],8,1,,33df11e166588accfc78ee961ee49a1f,False,False,False,False,Vurtne,people,http://www.zhihu.com/api/v4/people/33df11e166588accfc78ee961ee49a1f,vurtne,people
65,0,0,https://pic4.zhimg.com/da8e974dc_is.jpg,https://pic4.zhimg.com/da8e974dc_{size}.jpg,[],0,0,,960902d30bfb91c1e447868deec8fe2d,False,False,False,False,jennifer zheng,people,http://www.zhihu.com/api/v4/people/960902d30bfb91c1e447868deec8fe2d,jennifer-zheng-45,people
66,1,0,https://pic4.zhimg.com/da8e974dc_is.jpg,https://pic4.zhimg.com/da8e974dc_{size}.jpg,[],0,1,小码农一枚！,b86ef291f22cb7b3d17efd781432fe80,False,False,False,False,汤钰轩,people,http://www.zhihu.com/api/v4/people/b86ef291f22cb7b3d17efd781432fe80,tang-yu-xuan-31,people
67,10,0,https://pic4.zhimg.com/v2-dd7c99ed6680959843f59db8b188dfe2_is.jpg,https://pic4.zhimg.com/v2-dd7c99ed6680959843f59db8b188dfe2_{size}.jpg,[],0,-1,不会使用explosion的废柴mader,a71716b05ea20c12a797c3b6d4d5c169,False,False,False,False,咸鱼x肥宅,people,http://www.zhihu.com/api/v4/people/a71716b05ea20c12a797c3b6d4d5c169,luo-li-de-guai-shu-shu,people
68,1,0,https://pic4.zhimg.com/da8e974dc_is.jpg,https://pic4.zhimg.com/da8e974dc_{size}.jpg,[],0,-1,人间有味是清欢,0371f5ec8cec9be613004b14626395c1,False,False,False,False,阿茶,people,http://www.zhihu.com/api/v4/people/0371f5ec8cec9be613004b14626395c1,shi-a-cha,people
69,0,0,https://pic3.zhimg.com/v2-8029cec1ff46d8f6af6a2aee6760ee81_is.jpg,https://pic3.zhimg.com/v2-8029cec1ff46d8f6af6a2aee6760ee81_{size}.jpg,[],0,-1,,a350bf5740d4542094ce63d4eab4451e,False,False,False,False,湖水微凉,people,http://www.zhihu.com/api/v4/people/a350bf5740d4542094ce63d4eab4451e,hu-shui-wei-liang,people
70,0,0,https://pic4.zhimg.com/da8e974dc_is.jpg,https://pic4.zhimg.com/da8e974dc_{size}.jpg,[],0,0,学生,4ba047a7b2ccecbf7a3ca3af566b8050,False,False,False,False,逆袭y,people,http://www.zhihu.com/api/v4/people/4ba047a7b2ccecbf7a3ca3af566b8050,ni-xi-y,people
71,0,0,https://pic3.zhimg.com/v2-ed5e1ed8aaf88c3968d7f2ef205e9364_is.jpg,https://pic3.zhimg.com/v2-ed5e1ed8aaf88c3968d7f2ef205e9364_{size}.jpg,[],1,-1,终生学习者、好高骛远的学生,c15860d72102efc20a46b2ca06f06bf0,False,False,False,False,Aeolus,people,http://www.zhihu.com/api/v4/people/c15860d72102efc20a46b2ca06f06bf0,aeolus-2,people
72,0,0,https://pic1.zhimg.com/v2-942f727d871a337b96a6f835b54d90ad_is.jpg,https://pic1.zhimg.com/v2-942f727d871a337b96a6f835b54d90ad_{size}.jpg,[],2,-1,,085cfabfd23000b3ff2424a63bf2db96,False,False,False,False,南下,people,http://www.zhihu.com/api/v4/people/085cfabfd23000b3ff2424a63bf2db96,nan-xia-69-48,people
73,0,0,https://pic1.zhimg.com/1eec91cc789c7ce8d4bc478f3271066e_is.jpg,https://pic1.zhimg.com/1eec91cc789c7ce8d4bc478f3271066e_{size}.jpg,[],0,-1,研究生,1017f9f142d623a34fe986199bdc4052,False,False,False,False,six,people,http://www.zhihu.com/api/v4/people/1017f9f142d623a34fe986199bdc4052,six-90-15,people
74,0,0,https://pic4.zhimg.com/v2-0f682e12b1bb4742013ba586bff62925_is.jpg,https://pic4.zhimg.com/v2-0f682e12b1bb4742013ba586bff62925_{size}.jpg,[],0,0,高中生,2f4ab5f27a9d873b8e4ec0bd79150a20,False,False,False,False,狐鲤,people,http://www.zhihu.com/api/v4/people/2f4ab5f27a9d873b8e4ec0bd79150a20,hu-li-83-79,people
75,5,0,https://pic2.zhimg.com/16a3dc881a15cbff37a008f82aee7fb5_is.jpg,https://pic2.zhimg.com/16a3dc881a15cbff37a008f82aee7fb5_{size}.jpg,[],0,1,为了远方,b1f3519bbd57fc323b766130bc4b92c0,False,False,False,False,沉潜小龙,people,http://www.zhihu.com/api/v4/people/b1f3519bbd57fc323b766130bc4b92c0,ruan-wen-jie-26,people
76,0,0,https://pic4.zhimg.com/da8e974dc_is.jpg,https://pic4.zhimg.com/da8e974dc_{size}.jpg,[],0,-1,,601dc65c247e67dec2f10a2669193a7f,False,False,False,False,smilemorning,people,http://www.zhihu.com/api/v4/people/601dc65c247e67dec2f10a2669193a7f,smilemorning-23,people
77,16,0,https://pic3.zhimg.com/v2-3f6e4fcafe75126218aff7c2699bbe7e_is.jpg,https://pic3.zhimg.com/v2-3f6e4fcafe75126218aff7c2699bbe7e_{size}.jpg,[],149,0,,a2dac087c3dea11ac22f5281014ef486,False,False,False,False,居正,people,http://www.zhihu.com/api/v4/people/a2dac087c3dea11ac22f5281014ef486,zhang-xing-nan-15,people
78,14,0,https://pic2.zhimg.com/v2-df3370ec129fffb9b7d8149338b84827_is.jpg,https://pic2.zhimg.com/v2-df3370ec129fffb9b7d8149338b84827_{size}.jpg,[],5,-1,情商为负智商归零颜值丑陋三观不正混乱中立。,6a254aef7d88ef61af5c3a16bb7cc11d,False,False,False,False,babyblue,people,http://www.zhihu.com/api/v4/people/6a254aef7d88ef61af5c3a16bb7cc11d,qiaolang555,people
79,1,0,https://pic4.zhimg.com/v2-803ac3938fa1c7be2969804e01c35e8d_is.jpg,https://pic4.zhimg.com/v2-803ac3938fa1c7be2969804e01c35e8d_{size}.jpg,[],49,1,或笑或沉默。,52448a6eff2483ee0cfa7730df360a1b,False,False,False,False,陕小北,people,http://www.zhihu.com/api/v4/people/52448a6eff2483ee0cfa7730df360a1b,shan-xiao-bei,people
80,2,0,https://pic2.zhimg.com/v2-2d26ce5bfb422381e45d40610eda64f9_is.jpg,https://pic2.zhimg.com/v2-2d26ce5bfb422381e45d40610eda64f9_{size}.jpg,[],0,-1,医生,8027a72b0fe02dfcaea7f03203565d07,False,False,False,False,BRAKE,people,http://www.zhihu.com/api/v4/people/8027a72b0fe02dfcaea7f03203565d07,pilgrims-63,people
81,0,0,https://pic4.zhimg.com/v2-fe30070f9d54371ba1e902b84f982e74_is.jpg,https://pic4.zhimg.com/v2-fe30070f9d54371ba1e902b84f982e74_{size}.jpg,[],0,1,小志与大志，石乐志,d51f5b4a21bd2b498f15673a796cd44e,False,False,False,False,scott888888,people,http://www.zhihu.com/api/v4/people/d51f5b4a21bd2b498f15673a796cd44e,dfdfdwefwf,people
82,35,0,https://pic3.zhimg.com/v2-e0e8580e2de05a4cbbac535899a7b770_is.jpg,https://pic3.zhimg.com/v2-e0e8580e2de05a4cbbac535899a7b770_{size}.jpg,[],2,1,Don't give in without fight.,59c49d0ba557e9ab8e1eb2b3dab7225e,False,False,False,False,Kafkaer,people,http://www.zhihu.com/api/v4/people/59c49d0ba557e9ab8e1eb2b3dab7225e,bing-guo-44,people
83,0,0,https://pic4.zhimg.com/da8e974dc_is.jpg,https://pic4.zhimg.com/da8e974dc_{size}.jpg,[],0,-1,,8941821db164b8810c8f00c985c756b5,False,False,False,False,蜉蝣,people,http://www.zhihu.com/api/v4/people/8941821db164b8810c8f00c985c756b5,fu-you-62-70,people
84,2,0,https://pic4.zhimg.com/da8e974dc_is.jpg,https://pic4.zhimg.com/da8e974dc_{size}.jpg,[],1,0,大太阳的小星星,ffb1b36a6bd006daf93dea508c8acd9f,False,False,False,False,vizards,people,http://www.zhihu.com/api/v4/people/ffb1b36a6bd006daf93dea508c8acd9f,liu-zhi-xing-52,people
85,14,0,https://pic1.zhimg.com/v2-06504570c15dad555a550fa8be8f5981_is.jpg,https://pic1.zhimg.com/v2-06504570c15dad555a550fa8be8f5981_{size}.jpg,[],12,0,我我我也想保研,64ad685b3b3af64aa908a82c4c46ef78,False,False,False,False,太阳雨,people,http://www.zhihu.com/api/v4/people/64ad685b3b3af64aa908a82c4c46ef78,tai-yang-yu-79,people
86,0,0,https://pic4.zhimg.com/da8e974dc_is.jpg,https://pic4.zhimg.com/da8e974dc_{size}.jpg,[],0,-1,,16f7e5fc8211ec6654777cda8ec012fe,False,False,False,False,伍启烨,people,http://www.zhihu.com/api/v4/people/16f7e5fc8211ec6654777cda8ec012fe,wu-qi-ye-88,people
87,2,0,https://pic4.zhimg.com/v2-55cb8c329d405aefa1a943c068ebbf96_is.jpg,https://pic4.zhimg.com/v2-55cb8c329d405aefa1a943c068ebbf96_{size}.jpg,[],5,1,思想待塑,eb95750fbda1739d3cffb3b978e323e8,False,False,False,False,Endling,people,http://www.zhihu.com/api/v4/people/eb95750fbda1739d3cffb3b978e323e8,endling-29,people
88,0,0,https://pic2.zhimg.com/v2-52a5e4d470ed8aa75ff45ec5ca9cf461_is.jpg,https://pic2.zhimg.com/v2-52a5e4d470ed8aa75ff45ec5ca9cf461_{size}.jpg,[],0,-1,物理系学生,d4dd631cf2d7b9771c8cc881020be312,False,False,False,False,孙博,people,http://www.zhihu.com/api/v4/people/d4dd631cf2d7b9771c8cc881020be312,sun-bo-47-34,people
89,7,0,https://pic2.zhimg.com/v2-0ea0c1841fa0ad97001ee5ac131585e6_is.jpg,https://pic2.zhimg.com/v2-0ea0c1841fa0ad97001ee5ac131585e6_{size}.jpg,[],0,-1,,d726c4cf73869daa8107ef8cab62192a,False,False,False,False,会打太极的胖子,people,http://www.zhihu.com/api/v4/people/d726c4cf73869daa8107ef8cab62192a,hui-da-tai-ji-de-pang-zi,people
90,2,0,https://pic4.zhimg.com/v2-ba184fcb1fbfdb5d256a071b0a3cea14_is.jpg,https://pic4.zhimg.com/v2-ba184fcb1fbfdb5d256a071b0a3cea14_{size}.jpg,[],0,-1,斬りに来たんですよ,29ae0d37efc18ae3c2524710a4a7e919,False,False,False,False,弥弥切鱼丸,people,http://www.zhihu.com/api/v4/people/29ae0d37efc18ae3c2524710a4a7e919,mi-mi-qie-yu-wan-34,people
91,3,0,https://pic2.zhimg.com/v2-54176552ffcb1218a2d6be4fcce3da14_is.jpg,https://pic2.zhimg.com/v2-54176552ffcb1218a2d6be4fcce3da14_{size}.jpg,[],0,-1,高级线性思想几何理解工程师,3a454e5b6cc89992f1c9bab031f2177c,False,False,False,False,薛定谔猫的坍缩态,people,http://www.zhihu.com/api/v4/people/3a454e5b6cc89992f1c9bab031f2177c,tao-hua-huan-jiu-18,people
92,1,0,https://pic2.zhimg.com/v2-0e77353e6bf36de7d9001d32fca4f271_is.jpg,https://pic2.zhimg.com/v2-0e77353e6bf36de7d9001d32fca4f271_{size}.jpg,[],0,0,,f79ecfa8b61af7337850b76c83a7bb9b,False,False,False,False,wttian,people,http://www.zhihu.com/api/v4/people/f79ecfa8b61af7337850b76c83a7bb9b,wang-tian-53-84-57,people
93,0,0,https://pic4.zhimg.com/da8e974dc_is.jpg,https://pic4.zhimg.com/da8e974dc_{size}.jpg,[],0,-1,,96adafff17f73b2694ef62f12c8b58a4,False,False,False,False,寿沙都,people,http://www.zhihu.com/api/v4/people/96adafff17f73b2694ef62f12c8b58a4,shou-sha-du-4,people
94,2,0,https://pic2.zhimg.com/v2-bf812f6d473ba45fd1d28ced62e27510_is.jpg,https://pic2.zhimg.com/v2-bf812f6d473ba45fd1d28ced62e27510_{size}.jpg,[],1,-1,学生,4552ed1a686db3b71d534444edd54cfc,False,False,False,False,星月,people,http://www.zhihu.com/api/v4/people/4552ed1a686db3b71d534444edd54cfc,xing-yue-8-54,people
95,1,0,https://pic1.zhimg.com/c6199979b57caa8c4917462da65c163a_is.jpg,https://pic1.zhimg.com/c6199979b57caa8c4917462da65c163a_{size}.jpg,[],9,-1,,96519102c5d706a3e4773e82d7ce8859,False,False,False,False,鹿俊傑,people,http://www.zhihu.com/api/v4/people/96519102c5d706a3e4773e82d7ce8859,lu-jun-jie-74-82,people
96,0,0,https://pic1.zhimg.com/v2-4f8c905f91721aa2166566fd32e382f8_is.jpg,https://pic1.zhimg.com/v2-4f8c905f91721aa2166566fd32e382f8_{size}.jpg,[],0,0,一句话描述不了的复杂女生,0a9dbcddfaa2082760a6287ce7a6a051,False,False,False,False,叮儿响叮当,people,http://www.zhihu.com/api/v4/people/0a9dbcddfaa2082760a6287ce7a6a051,sosuso,people
97,13,0,https://pic4.zhimg.com/v2-96477fdce8e0c77c2d09e7c5a8c1c8ac_is.jpg,https://pic4.zhimg.com/v2-96477fdce8e0c77c2d09e7c5a8c1c8ac_{size}.jpg,[],28,-1,我是咸鱼是最咸的一条喔！,a4d2b1359acaf599b5bcfa81a13be746,False,False,False,False,pony,people,http://www.zhihu.com/api/v4/people/a4d2b1359acaf599b5bcfa81a13be746,shen-xin-jiang-satan,people
98,3,0,https://pic4.zhimg.com/v2-28fc1580bcd4111798d59df7f1580d5b_is.jpg,https://pic4.zhimg.com/v2-28fc1580bcd4111798d59df7f1580d5b_{size}.jpg,[],3,1,,4263bd1890be62ddadf9b9dd90ae025c,False,False,False,False,sandy,people,http://www.zhihu.com/api/v4/people/4263bd1890be62ddadf9b9dd90ae025c,sandy-54-67-63,people
99,2,0,https://pic4.zhimg.com/v2-f8a98cbf3628ac0f04f64f19f235cf54_is.jpg,https://pic4.zhimg.com/v2-f8a98cbf3628ac0f04f64f19f235cf54_{size}.jpg,[],3,0,越过山丘   才发现无人等候,7ae37c3280d92f4320f81c00271adc82,False,False,False,False,赵阿瓶,people,http://www.zhihu.com/api/v4/people/7ae37c3280d92f4320f81c00271adc82,zhao-a-ping-61,people
100,0,0,https://pic4.zhimg.com/da8e974dc_is.jpg,https://pic4.zhimg.com/da8e974dc_{size}.jpg,[],0,-1,没啥好说的,0f1300ce9ee366fc9565cd924cd8d9c6,False,False,False,False,赵曦,people,http://www.zhihu.com/api/v4/people/0f1300ce9ee366fc9565cd924cd8d9c6,zhao-xi-4-23,people
101,0,0,https://pic4.zhimg.com/da8e974dc_is.jpg,https://pic4.zhimg.com/da8e974dc_{size}.jpg,[],0,-1,,a19f3e26c4693d60985fc7a1fc361840,False,False,False,False,曹源,people,http://www.zhihu.com/api/v4/people/a19f3e26c4693d60985fc7a1fc361840,cao-yuan-73-52,people
102,1,0,https://pic3.zhimg.com/v2-cbb49782b063cc1bb35ae906c6bcdaee_is.jpg,https://pic3.zhimg.com/v2-cbb49782b063cc1bb35ae906c6bcdaee_{size}.jpg,[],0,-1,xs,f9f27e10d89d12c107537b1377376d62,False,False,False,False,AXNMCIS,people,http://www.zhihu.com/api/v4/people/f9f27e10d89d12c107537b1377376d62,alex-11-65,people
103,0,0,https://pic4.zhimg.com/da8e974dc_is.jpg,https://pic4.zhimg.com/da8e974dc_{size}.jpg,[],0,-1,,c5cef3ac3b85181fb5ded9ba5614cd36,False,False,False,False,之乎者也,people,http://www.zhihu.com/api/v4/people/c5cef3ac3b85181fb5ded9ba5614cd36,zhi-hu-zhe-ye-32-94-91,people
104,7,0,https://pic3.zhimg.com/c2aced2efc0adf8e449fc8e1ce2e2352_is.jpg,https://pic3.zhimg.com/c2aced2efc0adf8e449fc8e1ce2e2352_{size}.jpg,[],10,1,科技爱好者 屌丝男士,a0ded3b0bc6f84767f87a0b12b11773e,False,False,False,False,王震,people,http://www.zhihu.com/api/v4/people/a0ded3b0bc6f84767f87a0b12b11773e,wang-zhen-67-25,people
105,43,0,https://pic3.zhimg.com/v2-7c71c37f31e66abd232cb6e13bb5b03d_is.jpg,https://pic3.zhimg.com/v2-7c71c37f31e66abd232cb6e13bb5b03d_{size}.jpg,[],2,-1,初级php程序员/ 码农 / 单身狗,d5457acc16c3bc882466595e1956690f,False,False,False,False,相见欢,people,http://www.zhihu.com/api/v4/people/d5457acc16c3bc882466595e1956690f,xiao-jing-teng-7,people
106,0,0,https://pic4.zhimg.com/v2-f3ec24ae574f691b3f5463f5be621843_is.jpg,https://pic4.zhimg.com/v2-f3ec24ae574f691b3f5463f5be621843_{size}.jpg,[],0,-1,,c19502d492db2006f807ff2cc343b65c,False,False,False,False,blanche,people,http://www.zhihu.com/api/v4/people/c19502d492db2006f807ff2cc343b65c,blanche-16-21-94,people
107,0,0,https://pic1.zhimg.com/v2-be2fb80b29655e6a4c5eac7ffc8dbae9_is.jpg,https://pic1.zhimg.com/v2-be2fb80b29655e6a4c5eac7ffc8dbae9_{size}.jpg,[],1,-1,学生狗,3cedaed3ce74ea84979fec0921499e61,False,False,False,False,不二,people,http://www.zhihu.com/api/v4/people/3cedaed3ce74ea84979fec0921499e61,bu-er-29-80-74,people
108,0,0,https://pic4.zhimg.com/4ec9775694fe51615a95ca24b7609cef_is.jpg,https://pic4.zhimg.com/4ec9775694fe51615a95ca24b7609cef_{size}.jpg,[],0,-1,始终相信沉默是金,67dc4970f0ecde2c401817db0cfc4044,False,False,False,False,沉默是金,people,http://www.zhihu.com/api/v4/people/67dc4970f0ecde2c401817db0cfc4044,chen-mo-shi-jin-60,people
109,2,0,https://pic1.zhimg.com/5885d2dfafc4312417e2931ff54ba34e_is.jpg,https://pic1.zhimg.com/5885d2dfafc4312417e2931ff54ba34e_{size}.jpg,[],1,1,人不过只是爬虫而已,edc46be6cd9c84b8b5cafa1a760e4c95,False,False,False,False,劝尔一杯,people,http://www.zhihu.com/api/v4/people/edc46be6cd9c84b8b5cafa1a760e4c95,zuo-bu-jin-de-bai-ri-meng,people
110,7,0,https://pic2.zhimg.com/v2-3323e921d3038593bcc8f1cd68ea9655_is.jpg,https://pic2.zhimg.com/v2-3323e921d3038593bcc8f1cd68ea9655_{size}.jpg,[],1,-1,魔都普通大学生,400e1ac91eac80be9e1fe047ce5125f2,False,False,False,False,布偶,people,http://www.zhihu.com/api/v4/people/400e1ac91eac80be9e1fe047ce5125f2,bu-ou-6,people
111,0,0,https://pic4.zhimg.com/da8e974dc_is.jpg,https://pic4.zhimg.com/da8e974dc_{size}.jpg,[],1,-1,平凡人,e95d0cf1e50acee77dbabb8ef28c39ee,False,False,False,False,周宇航,people,http://www.zhihu.com/api/v4/people/e95d0cf1e50acee77dbabb8ef28c39ee,zhou-yu-hang-66-3,people
112,3,0,https://pic1.zhimg.com/v2-5414f89f6c10134e50710e1cea3ce962_is.jpg,https://pic1.zhimg.com/v2-5414f89f6c10134e50710e1cea3ce962_{size}.jpg,[],2,-1,喜欢历史，喜欢孤独,3083f5c40f74ca6631cfb5d941c00b6b,False,False,False,False,野蛮,people,http://www.zhihu.com/api/v4/people/3083f5c40f74ca6631cfb5d941c00b6b,ye-man-5,people
113,0,0,https://pic3.zhimg.com/v2-ad2ffc5d98dc49f0bb79d708efbc2735_is.jpg,https://pic3.zhimg.com/v2-ad2ffc5d98dc49f0bb79d708efbc2735_{size}.jpg,[],0,1,,441ff6eb65442dfafca6df22a97d713b,False,False,False,False,彭逸飞,people,http://www.zhihu.com/api/v4/people/441ff6eb65442dfafca6df22a97d713b,peng-yi-fei-24,people
114,2,0,https://pic1.zhimg.com/v2-f5ae351dfc980ebe08a56d6733c524a4_is.jpg,https://pic1.zhimg.com/v2-f5ae351dfc980ebe08a56d6733c524a4_{size}.jpg,[],2,-1,,3b6cb6a517e87717493c33c2dc445c6b,False,False,False,False,污妖王,people,http://www.zhihu.com/api/v4/people/3b6cb6a517e87717493c33c2dc445c6b,wu-yao-wang-91-57,people
115,0,0,https://pic4.zhimg.com/da8e974dc_is.jpg,https://pic4.zhimg.com/da8e974dc_{size}.jpg,[],5,-1,,1d86ab9f8bb4a91d681b65b3f7b0cbcd,False,False,False,False,刘冬新,people,http://www.zhihu.com/api/v4/people/1d86ab9f8bb4a91d681b65b3f7b0cbcd,liu-dong-xin-31-4,people
116,0,0,https://pic4.zhimg.com/da8e974dc_is.jpg,https://pic4.zhimg.com/da8e974dc_{size}.jpg,[],5,1,,8863eae66b60de098fc4f1095e5b7061,False,False,False,False,郭大侠,people,http://www.zhihu.com/api/v4/people/8863eae66b60de098fc4f1095e5b7061,guo-da-xia-48-44,people
117,4,0,https://pic4.zhimg.com/v2-2fed2f51df267fdce970bdf7af034613_is.jpg,https://pic4.zhimg.com/v2-2fed2f51df267fdce970bdf7af034613_{size}.jpg,[],0,-1,不会打农药的程序员不是好bboy,cf15fba58d40bccbe9d415f96d50c45b,False,False,False,False,MrLee,people,http://www.zhihu.com/api/v4/people/cf15fba58d40bccbe9d415f96d50c45b,mrlee-17-87,people
118,6,1,https://pic3.zhimg.com/43d11aa16eba60e746fbf050c34ec83a_is.jpg,https://pic3.zhimg.com/43d11aa16eba60e746fbf050c34ec83a_{size}.jpg,[],1,1,唐僧洗头爱飘柔,e9776f51e9fd1b45628982b34abcae71,False,False,False,False,林晨,people,http://www.zhihu.com/api/v4/people/e9776f51e9fd1b45628982b34abcae71,linchen1987,people
119,0,0,https://pic1.zhimg.com/03b42d62450ffcb05428b958512bea22_is.jpg,https://pic1.zhimg.com/03b42d62450ffcb05428b958512bea22_{size}.jpg,[],0,-1,,beb97e2719e652a37f9ac12a34a17a05,False,False,False,False,思项羽,people,http://www.zhihu.com/api/v4/people/beb97e2719e652a37f9ac12a34a17a05,si-xiang-yu-35,people
120,0,0,https://pic4.zhimg.com/da8e974dc_is.jpg,https://pic4.zhimg.com/da8e974dc_{size}.jpg,[],0,-1,,098631858e80c60ac6145d4b9ebc2ad1,False,False,False,False,嘿嘿嘿,people,http://www.zhihu.com/api/v4/people/098631858e80c60ac6145d4b9ebc2ad1,mo-mo-mo-22-74,people
121,0,2,https://pic3.zhimg.com/v2-d51d334c4ba807277a8818e9acbfeffd_is.jpg,https://pic3.zhimg.com/v2-d51d334c4ba807277a8818e9acbfeffd_{size}.jpg,[],4,-1,大数据分析师,38f1d86171e86f576e47816f0947f6b5,False,False,False,False,杨亚辉,people,http://www.zhihu.com/api/v4/people/38f1d86171e86f576e47816f0947f6b5,yang-ya-hui-74,people
122,1,0,https://pic4.zhimg.com/v2-ca4be02eb8a69e999fdc78b1f15932ea_is.jpg,https://pic4.zhimg.com/v2-ca4be02eb8a69e999fdc78b1f15932ea_{size}.jpg,[],1,0,,877e628fd05291efa1d152e9ffdf1aea,False,False,False,False,断章,people,http://www.zhihu.com/api/v4/people/877e628fd05291efa1d152e9ffdf1aea,bu-wei-fu-yun-zhe-wang-yan-93,people
123,3,0,https://pic1.zhimg.com/v2-dfc177c14f86d856be96d8cb87592771_is.jpg,https://pic1.zhimg.com/v2-dfc177c14f86d856be96d8cb87592771_{size}.jpg,[],2,-1,愿乘长风破万里浪,4eb4f0babda0dd16b8b4cad95b344849,False,False,False,False,miku,people,http://www.zhihu.com/api/v4/people/4eb4f0babda0dd16b8b4cad95b344849,lei-bu-si-11-16,people
124,0,0,https://pic4.zhimg.com/da8e974dc_is.jpg,https://pic4.zhimg.com/da8e974dc_{size}.jpg,[],0,-1,,a0ddfa913877237ec035c3eba26bc1e8,False,False,False,False,再见萤火虫,people,http://www.zhihu.com/api/v4/people/a0ddfa913877237ec035c3eba26bc1e8,zai-jian-ying-huo-chong-69-2,people
125,0,0,https://pic1.zhimg.com/1ba95195791302f490579e40db99e22e_is.jpg,https://pic1.zhimg.com/1ba95195791302f490579e40db99e22e_{size}.jpg,[],0,-1,,fdd6de8ae73aeeee4c134432ee83a3af,False,False,False,False,Sandy,people,http://www.zhihu.com/api/v4/people/fdd6de8ae73aeeee4c134432ee83a3af,sandy-89-86,people
126,3,0,https://pic3.zhimg.com/v2-5a9eb910d70d90535743e4c14284027c_is.jpg,https://pic3.zhimg.com/v2-5a9eb910d70d90535743e4c14284027c_{size}.jpg,[],4,-1,,52511e456613d20d7e426422c7c7a172,False,False,False,False,超超超,people,http://www.zhihu.com/api/v4/people/52511e456613d20d7e426422c7c7a172,lin-chaos-68,people
127,0,0,https://pic4.zhimg.com/da8e974dc_is.jpg,https://pic4.zhimg.com/da8e974dc_{size}.jpg,[],0,-1,,f4bed9c575a30303ae88cb964df0a6ab,False,False,False,False,beyond,people,http://www.zhihu.com/api/v4/people/f4bed9c575a30303ae88cb964df0a6ab,beyond-91-83,people
128,35,0,https://pic3.zhimg.com/v2-a8f8c5223c6cbe8c834c5f51c0d6a88c_is.jpg,https://pic3.zhimg.com/v2-a8f8c5223c6cbe8c834c5f51c0d6a88c_{size}.jpg,[],1,-1,我真的不知道,fd8bc6efa083e7cc0a33120c2b5eb7cd,False,False,False,False,天下寒冷,people,http://www.zhihu.com/api/v4/people/fd8bc6efa083e7cc0a33120c2b5eb7cd,tian-xia-han-leng,people
129,0,0,https://pic2.zhimg.com/v2-fe427f97fb0ca8dfba6fee102cade94a_is.jpg,https://pic2.zhimg.com/v2-fe427f97fb0ca8dfba6fee102cade94a_{size}.jpg,[],0,-1,软件工程师and学生,82178d2d08f702a21b8f0579cd2da2fb,False,False,False,False,谷悦,people,http://www.zhihu.com/api/v4/people/82178d2d08f702a21b8f0579cd2da2fb,gu-yue-64-10,people
130,0,0,https://pic4.zhimg.com/da8e974dc_is.jpg,https://pic4.zhimg.com/da8e974dc_{size}.jpg,[],0,-1,,f861022e4c214ac35b7d45cd07cd3450,False,False,False,False,jiandan,people,http://www.zhihu.com/api/v4/people/f861022e4c214ac35b7d45cd07cd3450,jiandan-65-99,people
131,0,0,https://pic4.zhimg.com/v2-e0471c9f084c229fe9e252a5f6567e6d_is.jpg,https://pic4.zhimg.com/v2-e0471c9f084c229fe9e252a5f6567e6d_{size}.jpg,[],0,-1,一只努力生存的大一学生,1a13f14471c38222eac46c0efc6b8940,False,False,False,False,努力练剑,people,http://www.zhihu.com/api/v4/people/1a13f14471c38222eac46c0efc6b8940,nu-li-lian-jian-48,people
132,3,0,https://pic3.zhimg.com/v2-9f68ecb62f1142b7cea52c2dd45fca18_is.jpg,https://pic3.zhimg.com/v2-9f68ecb62f1142b7cea52c2dd45fca18_{size}.jpg,[],2,-1,怎么吃都吃不胖的瘦子,c8b8b93a63ea95b1da1a4b9757540c28,False,False,False,False,张三疯,people,http://www.zhihu.com/api/v4/people/c8b8b93a63ea95b1da1a4b9757540c28,si-kong-ying-meng,people
133,3,2,https://pic3.zhimg.com/5f6ee348f_is.jpg,https://pic3.zhimg.com/5f6ee348f_{size}.jpg,[],3,1,重度拖延症患者,5e10e856de541bdbc62fc4bea8a01e88,False,False,False,False,刘飞,people,http://www.zhihu.com/api/v4/people/5e10e856de541bdbc62fc4bea8a01e88,liu-fei-84-66,people
134,6,0,https://pic4.zhimg.com/v2-99fada16faa926c6928001fa610d5ff2_is.jpg,https://pic4.zhimg.com/v2-99fada16faa926c6928001fa610d5ff2_{size}.jpg,[],0,-1,吃鸡专业户,a19ce8012df4248126d705081a20d22a,False,False,False,False,将唱丶,people,http://www.zhihu.com/api/v4/people/a19ce8012df4248126d705081a20d22a,jiang-chang-zhu-75,people
135,0,0,https://pic4.zhimg.com/da8e974dc_is.jpg,https://pic4.zhimg.com/da8e974dc_{size}.jpg,[],0,-1,研究生 数据工程师,0a00d61a835d01ccbe868272d1c82672,False,False,False,False,foxhunter72143,people,http://www.zhihu.com/api/v4/people/0a00d61a835d01ccbe868272d1c82672,foxhunter72143,people
136,1,0,https://pic3.zhimg.com/v2-73bbfbd4d180476a107d135f5dee6ecc_is.jpg,https://pic3.zhimg.com/v2-73bbfbd4d180476a107d135f5dee6ecc_{size}.jpg,[],0,-1,,b9d7cabded87532969642118e6ff92b3,False,False,False,False,倒影,people,http://www.zhihu.com/api/v4/people/b9d7cabded87532969642118e6ff92b3,wx08,people
137,0,0,https://pic4.zhimg.com/da8e974dc_is.jpg,https://pic4.zhimg.com/da8e974dc_{size}.jpg,[],1,-1,网络工程小白鼠,04349893617ac06f342d06d079e4c3ff,False,False,False,False,派大星PRO,people,http://www.zhihu.com/api/v4/people/04349893617ac06f342d06d079e4c3ff,pai-da-xing-pro,people
138,0,0,https://pic4.zhimg.com/da8e974dc_is.jpg,https://pic4.zhimg.com/da8e974dc_{size}.jpg,[],0,-1,,b210e5ee534ec131099f201afada1868,False,False,False,False,骚硕,people,http://www.zhihu.com/api/v4/people/b210e5ee534ec131099f201afada1868,li-shuo-68-68,people
139,0,0,https://pic3.zhimg.com/b02ee70e5f0afa2b7613b2b21d04e80e_is.jpg,https://pic3.zhimg.com/b02ee70e5f0afa2b7613b2b21d04e80e_{size}.jpg,[],0,1,,242048acf8cd8b7af3f127ab34cd171d,False,False,False,False,Kian,people,http://www.zhihu.com/api/v4/people/242048acf8cd8b7af3f127ab34cd171d,kian-99,people
140,1,0,https://pic4.zhimg.com/da8e974dc_is.jpg,https://pic4.zhimg.com/da8e974dc_{size}.jpg,[],0,-1,,a64314e33ef9d10aa96b2c014e81907f,False,False,False,False,丰林,people,http://www.zhihu.com/api/v4/people/a64314e33ef9d10aa96b2c014e81907f,feng-lin-56-84,people
141,1,0,https://pic3.zhimg.com/v2-2719de4b6651b65767d42cd505831c02_is.jpg,https://pic3.zhimg.com/v2-2719de4b6651b65767d42cd505831c02_{size}.jpg,[],10,1,大猫小猫两三只,fbae7553b30f23fa5d67fd0b68bc147f,False,False,False,False,公子病春生,people,http://www.zhihu.com/api/v4/people/fbae7553b30f23fa5d67fd0b68bc147f,nan-shen-25-2,people
142,4,0,https://pic4.zhimg.com/v2-fa0440822611ba08ca5fb77c08e821d4_is.jpg,https://pic4.zhimg.com/v2-fa0440822611ba08ca5fb77c08e821d4_{size}.jpg,[],6,0,美妆护肤/摄影修图,c9d7dd6866a2a32727a50a30d22a4b04,False,False,False,False,阿响响er,people,http://www.zhihu.com/api/v4/people/c9d7dd6866a2a32727a50a30d22a4b04,niu-da-xian-er,people
143,0,0,https://pic2.zhimg.com/v2-0ebf0667426be95cc8c1d97e1a29587c_is.jpg,https://pic2.zhimg.com/v2-0ebf0667426be95cc8c1d97e1a29587c_{size}.jpg,[],4,-1,学生,35032f6f170ec025baa3b8d854688ce2,False,False,False,False,建171,people,http://www.zhihu.com/api/v4/people/35032f6f170ec025baa3b8d854688ce2,jian-171,people
144,1,0,https://pic4.zhimg.com/ac2f1c7ad451916d9990721123cc0213_is.jpg,https://pic4.zhimg.com/ac2f1c7ad451916d9990721123cc0213_{size}.jpg,[],1,1,今生最幸运的事就是遇见你，愿执子之手与子偕老。,5ba5015cb3116679b064676d6f148c44,False,False,False,False,楓丶無痕,people,http://www.zhihu.com/api/v4/people/5ba5015cb3116679b064676d6f148c44,lml5201314,people
145,31,0,https://pic4.zhimg.com/v2-94cfb9434eae0e11e1a2134bfd086cd2_is.jpg,https://pic4.zhimg.com/v2-94cfb9434eae0e11e1a2134bfd086cd2_{size}.jpg,[],1,1,测试工程师,a5b15f17ef654dfec098e894da2bbe04,False,False,False,False,杨柳青,people,http://www.zhihu.com/api/v4/people/a5b15f17ef654dfec098e894da2bbe04,yang-liu-qing-21-59,people
146,0,0,https://pic2.zhimg.com/v2-c16873b79d6ab8d2969c98fb369e02b0_is.jpg,https://pic2.zhimg.com/v2-c16873b79d6ab8d2969c98fb369e02b0_{size}.jpg,[],0,-1,小码猿,aae09ed2e261ef19cf4c7f088a9d1712,False,False,False,False,buzzted,people,http://www.zhihu.com/api/v4/people/aae09ed2e261ef19cf4c7f088a9d1712,buzzted,people
147,1,0,https://pic3.zhimg.com/v2-d28fd4db1b6b21081fb71def198f85ec_is.jpg,https://pic3.zhimg.com/v2-d28fd4db1b6b21081fb71def198f85ec_{size}.jpg,[],0,-1,美术高中生,f60492af2a158c5893247aca90259b97,False,False,False,False,阿道夫.谢,people,http://www.zhihu.com/api/v4/people/f60492af2a158c5893247aca90259b97,pi-nan-hai-57,people
148,1,0,https://pic3.zhimg.com/b95c090d21cad7523b4f1d0b4594b206_is.jpg,https://pic3.zhimg.com/b95c090d21cad7523b4f1d0b4594b206_{size}.jpg,[],1,0,,e13cb1c663260ee058d874fe3e025ac1,False,False,False,False,Duanduan,people,http://www.zhihu.com/api/v4/people/e13cb1c663260ee058d874fe3e025ac1,duany-4,people
149,0,0,https://pic4.zhimg.com/v2-5508133fdbdc535eb4d478c76d401da8_is.jpg,https://pic4.zhimg.com/v2-5508133fdbdc535eb4d478c76d401da8_{size}.jpg,[],0,0,,bb4e8cf255421c0826cf11ca4fb5e45f,False,False,False,False,阿司匹林,people,http://www.zhihu.com/api/v4/people/bb4e8cf255421c0826cf11ca4fb5e45f,a-si-pi-lin-54-66-82,people
150,0,0,https://pic4.zhimg.com/da8e974dc_is.jpg,https://pic4.zhimg.com/da8e974dc_{size}.jpg,[],0,-1,,a5fcc4264265188043e9306cefca5d1d,False,False,False,False,阿尔弗雷德,people,http://www.zhihu.com/api/v4/people/a5fcc4264265188043e9306cefca5d1d,a-er-fu-lei-de-26-85,people
151,7,0,https://pic4.zhimg.com/v2-92ac4c7b7c169b79de49413aa6cb8d5c_is.jpg,https://pic4.zhimg.com/v2-92ac4c7b7c169b79de49413aa6cb8d5c_{size}.jpg,[],0,-1,白日做梦者,e5816876f9cd6c9c1fe3bedeb9446eaf,False,False,False,False,灰森,people,http://www.zhihu.com/api/v4/people/e5816876f9cd6c9c1fe3bedeb9446eaf,hui-sen-83,people
152,0,0,https://pic4.zhimg.com/v2-5f58fd2e593a3548c0d0e712f76b83d8_is.jpg,https://pic4.zhimg.com/v2-5f58fd2e593a3548c0d0e712f76b83d8_{size}.jpg,[],1,0,看心情,3df88807d8412ead282fa16a82602ce2,False,False,False,False,啊哦,people,http://www.zhihu.com/api/v4/people/3df88807d8412ead282fa16a82602ce2,a-e-68-62-41,people
153,0,0,https://pic4.zhimg.com/da8e974dc_is.jpg,https://pic4.zhimg.com/da8e974dc_{size}.jpg,[],0,-1,,fd2a9784ba3c049b83140704ab8882f0,False,False,False,False,山乞,people,http://www.zhihu.com/api/v4/people/fd2a9784ba3c049b83140704ab8882f0,shan-qi-22-60,people
154,26,0,https://pic4.zhimg.com/v2-b9ae64e56b302ee117a9a8084ba69a02_is.jpg,https://pic4.zhimg.com/v2-b9ae64e56b302ee117a9a8084ba69a02_{size}.jpg,[],4,0,,d49ab9e05b1e470ccb0d19154375e17b,False,False,False,False,九琴百年,people,http://www.zhihu.com/api/v4/people/d49ab9e05b1e470ccb0d19154375e17b,jiu-qin-bai-nian-63,people
155,0,0,https://pic1.zhimg.com/v2-9e87b5df2f705825446b647eab3d13f0_is.jpg,https://pic1.zhimg.com/v2-9e87b5df2f705825446b647eab3d13f0_{size}.jpg,[],0,-1,,a49c1fc602196264265447517f4fd790,False,False,False,False,昇小晟,people,http://www.zhihu.com/api/v4/people/a49c1fc602196264265447517f4fd790,sheng-xiao-cheng-77,people
156,1,0,https://pic4.zhimg.com/v2-def1f53c9037931d6ffe7814a3f2c0d6_is.jpg,https://pic4.zhimg.com/v2-def1f53c9037931d6ffe7814a3f2c0d6_{size}.jpg,[],9,0,,3713fbd9a4830a8690928b5c5472fb12,False,False,False,False,钱德勒的女朋友,people,http://www.zhihu.com/api/v4/people/3713fbd9a4830a8690928b5c5472fb12,yunyi-ren,people
157,0,0,https://pic3.zhimg.com/1926d11d37a117ea23f4e33e32684ff0_is.jpg,https://pic3.zhimg.com/1926d11d37a117ea23f4e33e32684ff0_{size}.jpg,[],0,-1,,d1296bcfe126d9822e4169c48210b0b4,False,False,False,False,爱敏记,people,http://www.zhihu.com/api/v4/people/d1296bcfe126d9822e4169c48210b0b4,ai-min-ji,people
158,0,0,https://pic3.zhimg.com/f2ae9fc31286f26c43788b793635b3b0_is.jpg,https://pic3.zhimg.com/f2ae9fc31286f26c43788b793635b3b0_{size}.jpg,[],2,1,,ceebd9a1851108c3cbf51945a8121ad8,False,False,False,False,gokuson,people,http://www.zhihu.com/api/v4/people/ceebd9a1851108c3cbf51945a8121ad8,gokuson,people
159,22,0,https://pic3.zhimg.com/ae3f9604b7277eab83cc0c3df3906bf8_is.jpg,https://pic3.zhimg.com/ae3f9604b7277eab83cc0c3df3906bf8_{size}.jpg,[],3,1,借我那把枪吧，或者借我五毛钱。,c9ce4f1fd93d8cb02b6747680636931f,False,False,False,False,孙阳,people,http://www.zhihu.com/api/v4/people/c9ce4f1fd93d8cb02b6747680636931f,sunyang-5,people
160,0,0,https://pic4.zhimg.com/v2-4f7066543d1e18c5a7a23377499fbe81_is.jpg,https://pic4.zhimg.com/v2-4f7066543d1e18c5a7a23377499fbe81_{size}.jpg,[],0,1,英语,aa7c00c901c113f40ae6d01d8178898b,False,False,False,False,Jankin,people,http://www.zhihu.com/api/v4/people/aa7c00c901c113f40ae6d01d8178898b,fan-fan-fan-te-xi-47,people
161,0,0,https://pic2.zhimg.com/v2-c561dd24bda60f8bf6889d1b048a4133_is.jpg,https://pic2.zhimg.com/v2-c561dd24bda60f8bf6889d1b048a4133_{size}.jpg,[],0,-1,,13cdbe018a528fa8c87d089eadb406af,False,False,False,False,Edward,people,http://www.zhihu.com/api/v4/people/13cdbe018a528fa8c87d089eadb406af,edwrad-5,people
162,11,0,https://pic1.zhimg.com/v2-9bc9488d5283147fe93a2d25af519339_is.jpg,https://pic1.zhimg.com/v2-9bc9488d5283147fe93a2d25af519339_{size}.jpg,[],5,1,自学python中,047a6c112835d7bb813e9925f6f10eb1,False,False,False,False,黄先森,people,http://www.zhihu.com/api/v4/people/047a6c112835d7bb813e9925f6f10eb1,huang-xian-sen-62-54,people
163,0,0,https://pic4.zhimg.com/da8e974dc_is.jpg,https://pic4.zhimg.com/da8e974dc_{size}.jpg,[],0,1,,27de53cca0d2c86da7b2a39c4b7f3985,False,False,False,False,正太,people,http://www.zhihu.com/api/v4/people/27de53cca0d2c86da7b2a39c4b7f3985,zheng-tai-80-85,people
164,0,0,https://pic1.zhimg.com/0153ade8f7db7b3d2afa50b0db0ff697_is.jpg,https://pic1.zhimg.com/0153ade8f7db7b3d2afa50b0db0ff697_{size}.jpg,[],0,1,,7752abdff8e94664a4a06f24a4318161,False,False,False,False,小吴同学,people,http://www.zhihu.com/api/v4/people/7752abdff8e94664a4a06f24a4318161,jing-shui-21-62,people
165,0,0,https://pic4.zhimg.com/da8e974dc_is.jpg,https://pic4.zhimg.com/da8e974dc_{size}.jpg,[],3,-1,学生,33dfe506956e79eb59f2b34bc279b08c,False,False,False,False,柳絮,people,http://www.zhihu.com/api/v4/people/33dfe506956e79eb59f2b34bc279b08c,liu-xu-39-93,people
166,3,0,https://pic3.zhimg.com/v2-6becc2beac9dd22b302a11d3d502eaff_is.jpg,https://pic3.zhimg.com/v2-6becc2beac9dd22b302a11d3d502eaff_{size}.jpg,[],4,-1,,d3ce247fcd8060eb01ad59052d363dbb,False,False,False,False,奔跑的肖申克,people,http://www.zhihu.com/api/v4/people/d3ce247fcd8060eb01ad59052d363dbb,he-pei-yan-64,people
167,7,0,https://pic2.zhimg.com/v2-48bdca116881e32dcdcf381d8102491a_is.jpg,https://pic2.zhimg.com/v2-48bdca116881e32dcdcf381d8102491a_{size}.jpg,[],1,-1,我行过许多地方的桥，看过许多次数的云，喝过许多种类的酒，却……,534cc7088cc9c346898dac0f12bc4784,False,False,False,False,素梦瑾然,people,http://www.zhihu.com/api/v4/people/534cc7088cc9c346898dac0f12bc4784,su-meng-jin-ran-21,people
168,2,0,https://pic4.zhimg.com/da8e974dc_is.jpg,https://pic4.zhimg.com/da8e974dc_{size}.jpg,[],0,-1,学生,0c565d9339487cb9a9a1436ed3aa04ea,False,False,False,False,小茨,people,http://www.zhihu.com/api/v4/people/0c565d9339487cb9a9a1436ed3aa04ea,xiao-ci-96-31,people
169,0,0,https://pic4.zhimg.com/da8e974dc_is.jpg,https://pic4.zhimg.com/da8e974dc_{size}.jpg,[],4,-1,物理菜鸟,311db5d3ffc6308b816e43ba459f2b65,False,False,False,False,孙玉森,people,http://www.zhihu.com/api/v4/people/311db5d3ffc6308b816e43ba459f2b65,sun-yu-sen-51,people
170,2,0,https://pic4.zhimg.com/da8e974dc_is.jpg,https://pic4.zhimg.com/da8e974dc_{size}.jpg,[],0,-1,,2901e51d0f517e69d98239296f8d314d,False,False,False,False,猋发,people,http://www.zhihu.com/api/v4/people/2901e51d0f517e69d98239296f8d314d,biao-fa-69,people
171,5,0,https://pic1.zhimg.com/4e59fd9a2e093ab2f9e824081de5c9c9_is.jpg,https://pic1.zhimg.com/4e59fd9a2e093ab2f9e824081de5c9c9_{size}.jpg,[],1,-1,科技/电子,b2637c6e41430cfd91aad633d4b05fb9,False,False,False,False,沉梦昂志,people,http://www.zhihu.com/api/v4/people/b2637c6e41430cfd91aad633d4b05fb9,xu-gao-ji-95,people
172,3,0,https://pic4.zhimg.com/v2-ddf8258e47f342997ea2e74c8b30ed07_is.jpg,https://pic4.zhimg.com/v2-ddf8258e47f342997ea2e74c8b30ed07_{size}.jpg,[],0,0,学生,bf93fe37867e96371dc645ea257fb03c,False,False,False,False,宁然,people,http://www.zhihu.com/api/v4/people/bf93fe37867e96371dc645ea257fb03c,ning-ran-79,people
173,0,0,https://pic4.zhimg.com/37eb602412d87ab6e9484a0788fa79e3_is.jpg,https://pic4.zhimg.com/37eb602412d87ab6e9484a0788fa79e3_{size}.jpg,[],1,1,工程师,05bf9c93064ca9b02d6b28f2ea947ca5,False,False,False,False,登布李多,people,http://www.zhihu.com/api/v4/people/05bf9c93064ca9b02d6b28f2ea947ca5,li-zhi-cheng-70-32,people
174,0,0,https://pic4.zhimg.com/da8e974dc_is.jpg,https://pic4.zhimg.com/da8e974dc_{size}.jpg,[],0,-1,,bd642ec9eb531252d19844e3932d1df8,False,False,False,False,每天说梦话,people,http://www.zhihu.com/api/v4/people/bd642ec9eb531252d19844e3932d1df8,mei-tian-shuo-meng-hua,people
175,1,0,https://pic4.zhimg.com/da8e974dc_is.jpg,https://pic4.zhimg.com/da8e974dc_{size}.jpg,[],0,-1,,3f7163060c9ac916cfd63edbb129e9df,False,False,False,False,豆68,people,http://www.zhihu.com/api/v4/people/3f7163060c9ac916cfd63edbb129e9df,dou-68-49,people
176,0,0,https://pic2.zhimg.com/f031380feb64174ce64837193296991f_is.jpg,https://pic2.zhimg.com/f031380feb64174ce64837193296991f_{size}.jpg,[],0,0,材料狗,980b73cda49ed880c64d9b838d6f96b3,False,False,False,False,李大亮的迷妹儿,people,http://www.zhihu.com/api/v4/people/980b73cda49ed880c64d9b838d6f96b3,ma-cui-45,people
177,0,0,https://pic1.zhimg.com/d82cb5d907b35f9a28875d308556ecd8_is.jpg,https://pic1.zhimg.com/d82cb5d907b35f9a28875d308556ecd8_{size}.jpg,[],0,-1,,d29adae7da1efdb50b11221071efda50,False,False,False,False,童杰,people,http://www.zhihu.com/api/v4/people/d29adae7da1efdb50b11221071efda50,tong-jie-35,people
178,15,1,https://pic2.zhimg.com/v2-6e15b663537544ee7dfe1d45dea95b51_is.jpg,https://pic2.zhimg.com/v2-6e15b663537544ee7dfe1d45dea95b51_{size}.jpg,[],6,-1,做良心食品，品味人生品位，维护中国食品品牌信誉……,a47069a9420ad8e0d0b7626cf59efb00,False,False,False,False,心静则乐,people,http://www.zhihu.com/api/v4/people/a47069a9420ad8e0d0b7626cf59efb00,xin-jing-ze-le,people
179,0,0,https://pic2.zhimg.com/v2-74e73a10e410837c198549aac3f7eb66_is.jpg,https://pic2.zhimg.com/v2-74e73a10e410837c198549aac3f7eb66_{size}.jpg,[],0,-1,,0b8a1aaa978adba34ad3ecd8a2906c63,False,False,False,False,Alas,people,http://www.zhihu.com/api/v4/people/0b8a1aaa978adba34ad3ecd8a2906c63,alas-44,people
180,0,0,https://pic4.zhimg.com/da8e974dc_is.jpg,https://pic4.zhimg.com/da8e974dc_{size}.jpg,[],0,-1,,2bac942117be3e7a3b3e5589122730d5,False,False,False,False,风一样的月光,people,http://www.zhihu.com/api/v4/people/2bac942117be3e7a3b3e5589122730d5,feng-yiyang-de-yue-guang,people
181,0,0,https://pic3.zhimg.com/38d76fbe8_is.jpg,https://pic3.zhimg.com/38d76fbe8_{size}.jpg,[],4,1,,ca7fa55855ab912a76ebad6c173713dd,False,False,False,False,香蕉,people,http://www.zhihu.com/api/v4/people/ca7fa55855ab912a76ebad6c173713dd,xiang-jiao-59,people
182,0,0,https://pic4.zhimg.com/da8e974dc_is.jpg,https://pic4.zhimg.com/da8e974dc_{size}.jpg,[],0,-1,大学生,9bd84312470af730b926e72e0c5a8011,False,False,False,False,ForeverFighting,people,http://www.zhihu.com/api/v4/people/9bd84312470af730b926e72e0c5a8011,foreverfighting,people
183,11,0,https://pic1.zhimg.com/v2-07f1356f2277093bac53dcd95066a50a_is.jpg,https://pic1.zhimg.com/v2-07f1356f2277093bac53dcd95066a50a_{size}.jpg,[],22,1,别太不把自己当回事、别太把自己当回事、别太把别人当回事,4c35249e5771fd80ef87da551edcbdde,False,False,False,False,行者,people,http://www.zhihu.com/api/v4/people/4c35249e5771fd80ef87da551edcbdde,ding-jun-long-74,people
184,0,0,https://pic4.zhimg.com/da8e974dc_is.jpg,https://pic4.zhimg.com/da8e974dc_{size}.jpg,[],0,-1,大学生,e96409629c53019d8251c1519efec603,False,False,False,False,simplepowerful,people,http://www.zhihu.com/api/v4/people/e96409629c53019d8251c1519efec603,wu-jin-chao-26,people
185,0,0,https://pic4.zhimg.com/da8e974dc_is.jpg,https://pic4.zhimg.com/da8e974dc_{size}.jpg,[],0,-1,,690af131d98b436573a7be49ef7724d7,False,False,False,False,英哪,people,http://www.zhihu.com/api/v4/people/690af131d98b436573a7be49ef7724d7,ying-na-71,people
186,0,0,https://pic4.zhimg.com/da8e974dc_is.jpg,https://pic4.zhimg.com/da8e974dc_{size}.jpg,[],0,-1,赚钱,2a246b8cff1ceb7cd99c6c41dc383a16,False,False,False,False,亲吻你的脸,people,http://www.zhihu.com/api/v4/people/2a246b8cff1ceb7cd99c6c41dc383a16,qin-wen-ni-de-lian-39,people
187,0,0,https://pic3.zhimg.com/v2-05f27dc5b42fe6c1d6711a1bb2e1a041_is.jpg,https://pic3.zhimg.com/v2-05f27dc5b42fe6c1d6711a1bb2e1a041_{size}.jpg,[],0,1,差一年一个月一天一点一个时辰都不算一辈子,d5a2d46a04d5a5c722e5c614f34e2dd6,False,False,False,False,Dom烨,people,http://www.zhihu.com/api/v4/people/d5a2d46a04d5a5c722e5c614f34e2dd6,wang-xuan-45-45,people
188,4,0,https://pic4.zhimg.com/da8e974dc_is.jpg,https://pic4.zhimg.com/da8e974dc_{size}.jpg,[],0,-1,走路有点飘,5ccc10100c2148dd288f309f6e9b1f2c,False,False,False,False,南歌iic,people,http://www.zhihu.com/api/v4/people/5ccc10100c2148dd288f309f6e9b1f2c,nan-ge-iic,people
189,0,0,https://pic4.zhimg.com/da8e974dc_is.jpg,https://pic4.zhimg.com/da8e974dc_{size}.jpg,[],0,-1,,b932e874d1c496bdf1463f143032716b,False,False,False,False,马晨,people,http://www.zhihu.com/api/v4/people/b932e874d1c496bdf1463f143032716b,ma-chen-5-12,people
190,0,0,https://pic1.zhimg.com/v2-f2d0e9f48ef46519305393ea4069003b_is.jpg,https://pic1.zhimg.com/v2-f2d0e9f48ef46519305393ea4069003b_{size}.jpg,[],1,-1,产品设计,65774853c3d4ea52a784a6a307e690a3,False,False,False,False,汪思佚,people,http://www.zhihu.com/api/v4/people/65774853c3d4ea52a784a6a307e690a3,wang-si-yi-16-33-95,people
191,7,0,https://pic3.zhimg.com/449807faf616c73f2132addac3f264db_is.jpg,https://pic3.zhimg.com/449807faf616c73f2132addac3f264db_{size}.jpg,[],0,-1,,df5d902344b4cd77cc7ae7e6d265973a,False,False,False,False,买买提丶man,people,http://www.zhihu.com/api/v4/people/df5d902344b4cd77cc7ae7e6d265973a,mai-mai-ti-zhu-man,people
192,14,0,https://pic4.zhimg.com/da8e974dc_is.jpg,https://pic4.zhimg.com/da8e974dc_{size}.jpg,[],6,1,怎么有些人就这么不见了……,45cf47f4e60ffef02072ddbffe470b34,False,False,False,False,过江,people,http://www.zhihu.com/api/v4/people/45cf47f4e60ffef02072ddbffe470b34,guo-jiang-19,people
193,1,0,https://pic4.zhimg.com/v2-f664256f0f207d92161544c65c618897_is.jpg,https://pic4.zhimg.com/v2-f664256f0f207d92161544c65c618897_{size}.jpg,[],2,0,营销策划,6254afa25ad104ed6d408e1a904598fa,False,False,False,False,Purple,people,http://www.zhihu.com/api/v4/people/6254afa25ad104ed6d408e1a904598fa,yang-yishan-25,people
194,0,0,https://pic4.zhimg.com/da8e974dc_is.jpg,https://pic4.zhimg.com/da8e974dc_{size}.jpg,[],0,-1,,00859ee18daf7f133fb16daf529a823d,False,False,False,False,hhhhhhh,people,http://www.zhihu.com/api/v4/people/00859ee18daf7f133fb16daf529a823d,hhhhhhh-97-77,people
195,0,0,https://pic1.zhimg.com/5dbf4d4f2_is.jpg,https://pic1.zhimg.com/5dbf4d4f2_{size}.jpg,[],1,1,,16b07a3fbdcfc7a2839e562d6a177702,False,False,False,False,琥珀,people,http://www.zhihu.com/api/v4/people/16b07a3fbdcfc7a2839e562d6a177702,hu-po-39,people
196,0,0,https://pic4.zhimg.com/v2-68b6c389939a05b2c732159cec0d9084_is.jpg,https://pic4.zhimg.com/v2-68b6c389939a05b2c732159cec0d9084_{size}.jpg,[],0,1,只为了解,996cde285eff05d22586bd26590f7131,False,False,False,False,杜莫,people,http://www.zhihu.com/api/v4/people/996cde285eff05d22586bd26590f7131,pan-zhi-ming-59,people
197,0,0,https://pic2.zhimg.com/v2-f73fe4bb20924b72a1c41691659c3a14_is.jpg,https://pic2.zhimg.com/v2-f73fe4bb20924b72a1c41691659c3a14_{size}.jpg,[],2,-1,学生,08c3ddbb98f82cb4a930170367c4aafe,False,False,False,False,王月犁,people,http://www.zhihu.com/api/v4/people/08c3ddbb98f82cb4a930170367c4aafe,wang-yue-li-30,people
198,0,0,https://pic1.zhimg.com/997b10e10c188df8f98f020be30dcb67_is.jpg,https://pic1.zhimg.com/997b10e10c188df8f98f020be30dcb67_{size}.jpg,[],0,-1,,aa2fb6b125bb1c34d54f1bb0d93ce16b,False,False,False,False,朔漠蜻蜓,people,http://www.zhihu.com/api/v4/people/aa2fb6b125bb1c34d54f1bb0d93ce16b,shuo-mo-qing-ting,people
199,4,0,https://pic4.zhimg.com/8ed6499049036fae3a155e187a6dbcff_is.jpg,https://pic4.zhimg.com/8ed6499049036fae3a155e187a6dbcff_{size}.jpg,[],1,1,生活还算舒坦，未来不可期望,b293a63d1aee7c8dd5c4be754532f389,False,False,False,False,莫斯莫斯是莫斯啊,people,http://www.zhihu.com/api/v4/people/b293a63d1aee7c8dd5c4be754532f389,jiang-bo-35-86,people
